{
  "hash": "6be2440c",
  "configHash": "2e54d498",
  "lockfileHash": "81d90b3d",
  "browserHash": "37cb1b55",
  "optimized": {
    "@angular/common": {
      "src": "../../../../../node_modules/@angular/common/fesm2022/common.mjs",
      "file": "@angular_common.js",
      "fileHash": "27886680",
      "needsInterop": false
    },
    "@angular/common/http": {
      "src": "../../../../../node_modules/@angular/common/fesm2022/http.mjs",
      "file": "@angular_common_http.js",
      "fileHash": "fc2b8943",
      "needsInterop": false
    },
    "@angular/core": {
      "src": "../../../../../node_modules/@angular/core/fesm2022/core.mjs",
      "file": "@angular_core.js",
      "fileHash": "74217c6e",
      "needsInterop": false
    },
    "@angular/forms": {
      "src": "../../../../../node_modules/@angular/forms/fesm2022/forms.mjs",
      "file": "@angular_forms.js",
      "fileHash": "9bb7b224",
      "needsInterop": false
    },
    "@angular/material/autocomplete": {
      "src": "../../../../../node_modules/@angular/material/fesm2022/autocomplete.mjs",
      "file": "@angular_material_autocomplete.js",
      "fileHash": "dfdc3e38",
      "needsInterop": false
    },
    "@angular/material/core": {
      "src": "../../../../../node_modules/@angular/material/fesm2022/core.mjs",
      "file": "@angular_material_core.js",
      "fileHash": "584e0b17",
      "needsInterop": false
    },
    "@angular/material/dialog": {
      "src": "../../../../../node_modules/@angular/material/fesm2022/dialog.mjs",
      "file": "@angular_material_dialog.js",
      "fileHash": "3146735b",
      "needsInterop": false
    },
    "@angular/material/form-field": {
      "src": "../../../../../node_modules/@angular/material/fesm2022/form-field.mjs",
      "file": "@angular_material_form-field.js",
      "fileHash": "6f4749f3",
      "needsInterop": false
    },
    "@angular/material/input": {
      "src": "../../../../../node_modules/@angular/material/fesm2022/input.mjs",
      "file": "@angular_material_input.js",
      "fileHash": "00cc51ce",
      "needsInterop": false
    },
    "@angular/material/progress-spinner": {
      "src": "../../../../../node_modules/@angular/material/fesm2022/progress-spinner.mjs",
      "file": "@angular_material_progress-spinner.js",
      "fileHash": "374938bc",
      "needsInterop": false
    },
    "@angular/material/tabs": {
      "src": "../../../../../node_modules/@angular/material/fesm2022/tabs.mjs",
      "file": "@angular_material_tabs.js",
      "fileHash": "57c16816",
      "needsInterop": false
    },
    "@angular/platform-browser": {
      "src": "../../../../../node_modules/@angular/platform-browser/fesm2022/platform-browser.mjs",
      "file": "@angular_platform-browser.js",
      "fileHash": "f5eec60c",
      "needsInterop": false
    },
    "@angular/platform-browser/animations": {
      "src": "../../../../../node_modules/@angular/platform-browser/fesm2022/animations.mjs",
      "file": "@angular_platform-browser_animations.js",
      "fileHash": "2e5fd12b",
      "needsInterop": false
    },
    "@angular/platform-browser/animations/async": {
      "src": "../../../../../node_modules/@angular/platform-browser/fesm2022/animations/async.mjs",
      "file": "@angular_platform-browser_animations_async.js",
      "fileHash": "93e9e17f",
      "needsInterop": false
    },
    "@angular/router": {
      "src": "../../../../../node_modules/@angular/router/fesm2022/router.mjs",
      "file": "@angular_router.js",
      "fileHash": "26b0aa0a",
      "needsInterop": false
    },
    "@fortawesome/angular-fontawesome": {
      "src": "../../../../../node_modules/@fortawesome/angular-fontawesome/fesm2022/angular-fontawesome.mjs",
      "file": "@fortawesome_angular-fontawesome.js",
      "fileHash": "80fcbc99",
      "needsInterop": false
    },
    "@fortawesome/free-brands-svg-icons": {
      "src": "../../../../../node_modules/@fortawesome/free-brands-svg-icons/index.mjs",
      "file": "@fortawesome_free-brands-svg-icons.js",
      "fileHash": "df85d83c",
      "needsInterop": false
    },
    "@ng-bootstrap/ng-bootstrap": {
      "src": "../../../../../node_modules/@ng-bootstrap/ng-bootstrap/fesm2022/ng-bootstrap.mjs",
      "file": "@ng-bootstrap_ng-bootstrap.js",
      "fileHash": "f4d6695c",
      "needsInterop": false
    },
    "highcharts-angular": {
      "src": "../../../../../node_modules/highcharts-angular/fesm2022/highcharts-angular.mjs",
      "file": "highcharts-angular.js",
      "fileHash": "ed578cae",
      "needsInterop": false
    },
    "highcharts/highstock": {
      "src": "../../../../../node_modules/highcharts/highstock.js",
      "file": "highcharts_highstock.js",
      "fileHash": "e543d50e",
      "needsInterop": true
    },
    "highcharts/indicators/indicators": {
      "src": "../../../../../node_modules/highcharts/indicators/indicators.js",
      "file": "highcharts_indicators_indicators.js",
      "fileHash": "b29d99cb",
      "needsInterop": true
    },
    "highcharts/indicators/volume-by-price": {
      "src": "../../../../../node_modules/highcharts/indicators/volume-by-price.js",
      "file": "highcharts_indicators_volume-by-price.js",
      "fileHash": "8117d2cb",
      "needsInterop": true
    },
    "mdb-angular-ui-kit/tabs": {
      "src": "../../../../../node_modules/mdb-angular-ui-kit/fesm2022/mdb-angular-ui-kit-tabs.mjs",
      "file": "mdb-angular-ui-kit_tabs.js",
      "fileHash": "99d7958b",
      "needsInterop": false
    },
    "rxjs": {
      "src": "../../../../../node_modules/rxjs/dist/esm5/index.js",
      "file": "rxjs.js",
      "fileHash": "d0bc1b38",
      "needsInterop": false
    },
    "rxjs/operators": {
      "src": "../../../../../node_modules/rxjs/dist/esm5/operators/index.js",
      "file": "rxjs_operators.js",
      "fileHash": "939c307b",
      "needsInterop": false
    }
  },
  "chunks": {
    "browser-B4WEFXUE": {
      "file": "browser-B4WEFXUE.js"
    },
    "chunk-3AFJRRAR": {
      "file": "chunk-3AFJRRAR.js"
    },
    "chunk-RL5BCR4R": {
      "file": "chunk-RL5BCR4R.js"
    },
    "chunk-DEFKMB5R": {
      "file": "chunk-DEFKMB5R.js"
    },
    "chunk-TT4P35FY": {
      "file": "chunk-TT4P35FY.js"
    },
    "chunk-UA2I7KTF": {
      "file": "chunk-UA2I7KTF.js"
    },
    "chunk-QLCQJF2S": {
      "file": "chunk-QLCQJF2S.js"
    },
    "chunk-ZJTMX7QZ": {
      "file": "chunk-ZJTMX7QZ.js"
    },
    "chunk-3LFCQHH7": {
      "file": "chunk-3LFCQHH7.js"
    },
    "chunk-FTJVIF55": {
      "file": "chunk-FTJVIF55.js"
    },
    "chunk-NO77753N": {
      "file": "chunk-NO77753N.js"
    },
    "chunk-PARYADKO": {
      "file": "chunk-PARYADKO.js"
    },
    "chunk-TRZDYZC4": {
      "file": "chunk-TRZDYZC4.js"
    },
    "chunk-QWS7MIFW": {
      "file": "chunk-QWS7MIFW.js"
    },
    "chunk-SAVXX6OM": {
      "file": "chunk-SAVXX6OM.js"
    },
    "chunk-SG3BCSKH": {
      "file": "chunk-SG3BCSKH.js"
    },
    "chunk-PQ7O3X3G": {
      "file": "chunk-PQ7O3X3G.js"
    },
    "chunk-WKYGNSYM": {
      "file": "chunk-WKYGNSYM.js"
    }
  }
}